soort,titel,jaar,imdb_score,histId,yearId
Film,Steamboat Willie,1928,7.6,-17.5,0.5
Film,Three Little Pigs,1933,7.5,-18.5,0.5
Film,The Wise Little Hen,1934,7.1,-28,0.5
Film,Lonesome Ghosts,1937,7.7,-16.5,0
Film,Snow White and the Seven Dwarfs,1937,7.6,-16.5,1
Film,Donald's Dog Laundry,1940,6.8,-26.5,-0.5
Film,Fantasia,1940,7.8,-14,0.5
Film,Pinocchio,1940,7.4,-22,1.5
Film,Chef Donald,1941,7.2,-23,-1
Film,Dumbo,1941,6.8,-25.5,0
Film,Lend a Paw,1941,7,-19,1
Film,The Little Whirlwind,1941,6.8,-24.5,2
Film,Bambi,1942,7.3,-30,-0.5
Film,How to Play Baseball,1942,7.3,-29,0.5
Film,Saludos Amigos,1942,6.1,-20.5,1.5
Film,De Drie Caballero's,1944,6.4,-23,0.5
Film,Double Dribble,1946,6.9,-22.5,0.5
Film,Fun & Fancy Free,1947,6.6,-23,0
Film,Miracle on 34th Street,1947,7.2,-22,1
Film,Melody Time,1948,6.3,-21.5,0
Film,Mickey and the Seal,1948,7.1,-27,1
Film,All in a Nutshell,1949,7.5,-17.5,0
Film,The Adventures of Ichabod and Mr. Toad,1949,7,-18,1
Film,Cinderella,1950,7.1,-26,0
Film,Treasure Island,1950,6.9,-21.5,1
Film,Alice in Wonderland,1951,6.9,-20.5,0.5
Film,Lambert the Sheepish Lion,1952,7.7,-15.5,-1
Film,Pluto's Christmas Tree,1952,7.7,-14.5,0
Film,Pluto's Party,1952,6.5,-25.5,1
Film,The Story of Robin Hood and His Merrie Men,1952,6.7,-30.5,2
Film,Peter Pan,1953,7.3,-28,0
Film,The Living Desert,1953,7.5,-16.5,1
Film,20000 Leagues Under the Sea,1954,7.2,-21,0
Film,The Vanishing Prairie,1954,7.4,-21,1
Film,Lady and the Tramp,1955,6.8,-23.5,0
Film,The African Lion,1955,7.2,-20,1
Film,Davy Crockett and the River Pirates,1956,6.8,-22.5,0
Film,Secrets of Life,1956,7.3,-27,1
Film,Old Yeller,1957,7.3,-26,0
Film,Perri,1957,6.8,-21.5,1
Film,Darby O'Gill and the Little People,1959,7.2,-19,-0.5
Film,Journey to the Center of the Earth,1959,7,-17,0.5
Film,Sleeping Beauty,1959,7.2,-18,1.5
Film,Jungle Cat,1960,7.4,-20,-0.5
Film,Pollyanna,1960,7.4,-19,0.5
Film,Swiss Family Robinson,1960,7.2,-17,1.5
Film,Greyfriars Bobby: The True Story of a Dog,1961,7.3,-25,-1
Film,One Hundred and One Dalmatians,1961,7.2,-16,0
Film,The AbsentMinded Professor,1961,6.8,-20.5,1
Film,The Parent Trap,1961,6.8,-19.5,2
Film,Almost Angels,1962,6.6,-22,-0.5
Film,"Sammy, the Way-Out Seal",1962,6.7,-29.5,0.5
Film,The Prince and the Pauper,1962,6.3,-20.5,1.5
Film,The Sword in the Stone,1963,7.2,-15,0.5
Film,Emil and the Detectives,1964,6.2,-21.5,-0.5
Film,Mary Poppins,1964,7.8,-13,0.5
Film,The Moon-Spinners,1964,6.7,-28.5,1.5
Film,That Darn Cat!,1965,6.8,-18.5,-0.5
Film,The Sound of Music,1965,8,-15.5,0.5
Film,Those Calloways,1965,6.7,-27.5,1.5
Film,The Adventures of Bullwhip Griffin,1967,6.5,-24.5,0
Film,The Jungle Book,1967,7.5,-15.5,1
Film,Blackbeard's Ghost,1968,6.9,-19.5,0
Film,The Love Bug,1968,6.5,-23.5,1
Film,Beneath the Planet of the Apes,1970,6.1,-19.5,0
Film,The AristoCats,1970,7.1,-25,1
Film,Bedknobs and Broomsticks,1971,7.1,-24,-0.5
Film,Escape from the Planet of the Apes,1971,6.3,-19.5,0.5
Film,The Million Dollar Duck,1971,5.9,-9.5,1.5
Film,Conquest of the Planet of the Apes,1972,6.1,-18.5,-1
Film,Justin Morgan Had a Horse,1972,6.5,-22.5,0
Film,Snowball Express,1972,6.5,-21.5,1
Film,The Biscuit Eater,1972,5.7,-13.5,2
Film,Battle for the Planet of the Apes,1973,5.5,-13,0
Film,Robin Hood,1973,7.6,-15.5,1
Film,Herbie Rides Again,1974,5.7,-12.5,-0.5
Film,The Bears and I,1974,6.2,-20.5,0.5
Film,The Castaway Cowboy,1974,5.9,-8.5,1.5
Film,Escape to Witch Mountain,1975,6.4,-22,-0.5
Film,The Apple Dumpling Gang,1975,6.5,-20.5,0.5
Film,The Rocky Horror Picture Show,1975,7.4,-18,1.5
Film,Freaky Friday,1976,6.1,-17.5,-1
Film,Gus,1976,5.9,-7.5,0
Film,Treasure of Matecumbe,1976,6.2,-19.5,1
Film,De Reddertjes,1977,6.9,-18.5,-1.5
Film,Herbie Goes to Monte Carlo,1977,5.7,-11.5,-0.5
Film,Peter en de Draak,1977,6.4,-21,0.5
Film,Star Wars,1977,8.6,-5,1.5
Film,The Many Adventures of Winnie the Pooh,1977,7.6,-14.5,2.5
Film,The Black Hole,1979,6,-11.5,-1
Film,The Muppet Movie,1979,7.6,-13.5,0
Film,Unidentified Flying Oddball,1979,5.3,-5.5,1
Film,Brubaker,1980,7.2,-14,-1
Film,Herbie Goes Bananas,1980,5,-8,0
Film,Star Wars: Episode V - The Empire Strikes Back,1980,8.7,0,1
Film,The Ghosts of Buxley Hall,1980,6.2,-18.5,2
Film,Amy,1981,6.7,-26.5,-1.5
Film,Chariots of Fire,1981,7.2,-13,-0.5
Film,Frank en Frey,1981,7.3,-24,0.5
Film,The Great Muppet Caper,1981,7.2,-12,1.5
Film,TRON,1982,6.8,-17.5,0.5
Film,Star Wars: Episode VI - Return of the Jedi,1983,8.3,-9.5,0.5
Film,André and Wally B.,1984,5.3,-4.5,-0.5
Film,Frankenweenie,1984,7.1,-23,0.5
Film,Splash,1984,6.2,-17.5,1.5
Film,Ladyhawke,1985,7,-16,-1
Film,Return to Oz,1985,6.7,-25.5,0
Film,The Black Cauldron,1985,6.4,-20,1
Film,The Journey of Natty Gann,1985,7.1,-22,2
Film,Aliens,1986,8.3,-8.5,-2.5
Film,Casebusters,1986,5.8,-10.5,-1.5
Film,De Speurneuzen,1986,7.2,-11,-0.5
Film,Fuzzbucket,1986,6.1,-16.5,0.5
Film,Luxo Jr.,1986,7.3,-23,1.5
Film,The Christmas Star,1986,6.4,-19,2.5
Film,The Fly,1986,7.6,-12.5,3.5
Film,3 Men and a Baby,1987,6,-10.5,-4
Film,Adventures in Babysitting,1987,6.9,-17.5,-3
Film,Black Widow,1987,6.4,-18,-2
Film,Bride of Boogedy,1987,7.4,-17,-1
Film,Damien - Omen 2,1987,6.3,-18.5,0
Film,Predator,1987,7.1,-21,1
Film,Raising Arizona,1987,7.3,-22,2
Film,Red's Dream,1987,6.3,-17.5,3
Film,Tin Men,1987,6.6,-21,4
Film,Wall Street,1987,7.4,-16,5
Film,Big,1988,7.3,-21,-2
Film,Big Business,1988,6.4,-17,-1
Film,Oliver & Company,1988,6.7,-24.5,0
Film,Tin Toy,1988,6.5,-19.5,1
Film,Who Framed Roger Rabbit,1988,7.7,-13.5,2
Film,Willow,1988,7.3,-20,3
Film,An Innocent Man,1989,6.5,-18.5,-3
Film,Cheetah,1989,6,-9.5,-2
Film,"Honey, I Shrunk the Kids",1989,6.3,-16.5,-1
Film,Knick Knack,1989,7.5,-14.5,0
Film,The Little Mermaid,1989,7.6,-11.5,1
Film,Turner & Hooch,1989,6.2,-16.5,2
Film,3 Men and a Little Lady,1990,5.4,-8,-2
Film,De Reddertjes in Kangoeroeland,1990,6.9,-16.5,-1
Film,DuckTales: Het Geheim van de Wonderlamp,1990,6.9,-15.5,0
Film,Edward Scissorhands,1990,7.9,-12.5,1
Film,Home Alone,1990,7.6,-10.5,2
Film,Predator 2,1990,6.3,-15.5,3
Film,Beauty and the Beast,1991,7.6,-9.5,-2
Film,Father of the Bride,1991,6.5,-17.5,-1
Film,Hot Shots!,1991,6.8,-16.5,0
Film,The Rocketeer,1991,6.5,-16.5,1
Film,White Fang,1991,6.7,-23.5,2
Film,Aladdin,1992,7.5,-13.5,-5
Film,Alien 3,1992,6.5,-15.5,-4
Film,Home Alone 2: Lost in New York,1992,6.8,-15.5,-3
Film,Honey I Blew Up the Kid,1992,4.8,-2.5,-2
Film,My Cousin Vinny,1992,7.6,-8.5,-1
Film,Newsies,1992,7,-15,0
Film,Sister Act,1992,6.4,-16,1
Film,The Hand That Rocks the Cradle,1992,6.7,-22.5,2
Film,The Mighty Ducks,1992,6.5,-14.5,3
Film,The Muppet Christmas Carol,1992,7.7,-12.5,4
Film,Cool Runnings,1993,7,-14,-7
Film,De Ongelofelijke Reis,1993,6.9,-14.5,-6
Film,Hocus Pocus,1993,6.9,-13.5,-5
Film,Hot Shots! Part Deux,1993,6.6,-20,-4
Film,Life with Mikey,1993,5.6,-13.5,-3
Film,Mrs. Doubtfire,1993,7,-13,-2
Film,Rookie of the Year,1993,6,-8.5,-1
Film,Sister Act 2: Back in the Habit,1993,5.6,-12.5,0
Film,The Adventures of Huck Finn,1993,6.2,-15.5,1
Film,The Beverly Hillbillies,1993,5,-7,2
Film,The Joy Luck Club,1993,7.7,-11.5,3
Film,The Nightmare Before Christmas,1993,8,-14.5,4
Film,The Sandlot,1993,7.8,-12,5
Film,The Three Musketeers,1993,6.4,-15,6
Film,Baby's Day Out,1994,6.2,-14.5,-4.5
Film,Blank Check,1994,5.3,-3.5,-3.5
Film,Camp Nowhere,1994,6.1,-15.5,-2.5
Film,D2: The Mighty Ducks,1994,6.1,-14.5,-1.5
Film,Iron Will,1994,6.6,-19,-0.5
Film,Speed,1994,7.2,-10,0.5
Film,The Lion King,1994,7.7,-10.5,1.5
Film,The Return of Jafar,1994,5.9,-6.5,2.5
Film,The Santa Clause,1994,6.5,-13.5,3.5
Film,Thumbelina,1994,6.3,-14.5,4.5
Film,A Goofy Movie,1995,6.8,-14.5,-6
Film,Dangerous Minds,1995,6.5,-12.5,-5
Film,Far From Home: Adventures of Yellow Dog,1995,6.4,-14,-4
Film,Father of the Bride Part II,1995,6.1,-13.5,-3
Film,Frank and Ollie,1995,7.8,-11,-2
Film,Heavy Weights,1995,6.7,-21.5,-1
Film,Nixon,1995,7.1,-20,0
Film,Operation Dumbo Drop,1995,5.1,-7,1
Film,Pocahontas,1995,6.7,-20.5,2
Film,The Big Green,1995,5.6,-11.5,3
Film,Tom and Huck,1995,5.5,-12,4
Film,Toy Story,1995,8.3,-7.5,5
Film,While You Were Sleeping,1995,6.7,-19.5,6
Film,101 Dalmatians,1996,5.7,-10.5,-7
Film,Aladdin en de Dievenkoning,1996,6.4,-13,-6
Film,Broken Arrow,1996,6.1,-12.5,-5
Film,Courage Under Fire,1996,6.6,-18,-4
Film,D3: The Mighty Ducks,1996,5.5,-11,-3
Film,De Ongelofelijke Reis 2: Verdwaald in San Francisco,1996,5.9,-5.5,-2
Film,First Kid,1996,5.2,-5,-1
Film,Jack,1996,5.8,-9.5,0
Film,James and the Giant Peach,1996,6.7,-18.5,1
Film,Jingle All The Way,1996,5.7,-9.5,2
Film,Muppet Treasure Island,1996,7,-12,3
Film,Romeo & Juliet,1996,6.7,-17.5,4
Film,That Thing You Do!,1996,6.9,-12.5,5
Film,The Hunchback of Notre Dame,1996,6.9,-11.5,6
Film,The Rock,1996,7.4,-15,7
Film,Air Force One,1997,6.5,-11.5,-8.5
Film,Alien Resurrection,1997,6.2,-13.5,-7.5
Film,Anastasia,1997,7.2,-9,-6.5
Film,Beauty and the Beast: The Enchanted Christmas,1997,6.1,-11.5,-5.5
Film,Face Off,1997,7.2,-8,-4.5
Film,Flubber,1997,5.3,-2.5,-3.5
Film,George of the Jungle,1997,5.5,-10,-2.5
Film,Geri's Game,1997,7.9,-11.5,-1.5
Film,Hercules,1997,7.3,-19,-0.5
Film,Home Alone 3,1997,4.5,-1.5,0.5
Film,"Honey, We Shrunk Ourselves",1997,5,-6,1.5
Film,Mr. Magoo,1997,4,0,2.5
Film,Picture Perfect,1997,5.5,-9,3.5
Film,Pooh's Grand Adventure: The Search for Christopher Robin,1997,7.1,-19,4.5
Film,Speed 2: Cruise Control,1997,3.9,0.5,5.5
Film,The Brave Little Toaster to the Rescue,1997,6.3,-13.5,6.5
Film,The Full Monty,1997,7.2,-7,7.5
Film,Titanic,1997,7.8,-10,8.5
Film,A Bug's Life,1998,7.2,-6,-9.5
Film,Brink!,1998,7.1,-18,-8.5
Film,Doctor Dolittle,1998,5.4,-7,-7.5
Film,Enemy of the State,1998,7.3,-18,-6.5
Film,Ever After: A Cinderella Story,1998,7,-11,-5.5
Film,Halloweentown,1998,6.8,-13.5,-4.5
Film,He Got Game,1998,6.9,-10.5,-3.5
Film,Hope Floats,1998,6.1,-10.5,-2.5
Film,I'll Be Home for Christmas,1998,5.5,-8,-1.5
Film,Mighty Joe Young,1998,5.6,-10.5,-0.5
Film,Miracle at Midnight,1998,7.1,-17,0.5
Film,Mulan,1998,6.6,-17,1.5
Film,Pocahontas II: Journey to a New World,1998,4.9,-3,2.5
Film,Ri¢hie Ri¢h's Christmas Wish,1998,4.1,-1,3.5
Film,Ruby Bridges,1998,7.2,-5,4.5
Film,Snake Eyes,1998,6,-7.5,5.5
Film,The Brave Little Toaster Goes to Mars,1998,5.7,-8.5,6.5
Film,The Jungle Book: Mowgli's Story,1998,4.2,0,7.5
Film,The Lion King II: Simba's Pride,1998,6.5,-10.5,8.5
Film,The Siege,1998,6.4,-12,9.5
Film,You Lucky Dog,1998,4.7,-5,10.5
Film,10 Things I Hate About You,1999,7.3,-17,-10
Film,Anna and the King,1999,6.7,-16.5,-9
Film,Annie,1999,6.7,-15.5,-8
Film,Boys Don't Cry,1999,7.5,-12.5,-7
Film,Can of Worms,1999,5,-5,-6
Film,Deuce Bigalow: Male Gigolo,1999,5.7,-7.5,-5
Film,Fantasia/2000,1999,7.2,-4,-4
Film,Genius,1999,6.3,-12.5,-3
Film,Horse Sense,1999,6.2,-12.5,-2
Film,Inspector Gadget,1999,4.1,0,-1
Film,Johnny Tsunami,1999,6.3,-11.5,0
Film,Mickey's Once Upon a Christmas,1999,7.2,-3,1
Film,My Favorite Martian,1999,5.1,-6,2
Film,Never Been Kissed,1999,6.1,-9.5,3
Film,Smart House,1999,6.3,-10.5,4
Film,Star Wars: Episode I - The Phantom Menace,1999,6.5,-9.5,5
Film,Tarzan,1999,7.3,-16,6
Film,Toy Story 2,1999,7.9,-10.5,7
Film,Zenon: Girl of the 21st Century,1999,6.4,-11,8
Film,102 Dalmatians,2000,4.9,-2,-11.5
Film,Alley Cats Strike,2000,6.1,-8.5,-10.5
Film,An Extremely Goofy Movie,2000,6.4,-10,-9.5
Film,Coyote Ugly,2000,5.7,-6.5,-8.5
Film,Dinosaur,2000,6.5,-8.5,-7.5
Film,For the Birds,2000,8,-13.5,-6.5
Film,Gone in 60 Seconds,2000,6.5,-7.5,-5.5
Film,Miracle in Lane 2,2000,6.1,-7.5,-4.5
Film,Mission to Mars,2000,5.7,-5.5,-3.5
Film,Quints,2000,5.7,-4.5,-2.5
Film,Ready to Run,2000,5.3,-1.5,-1.5
Film,Remember the Titans,2000,7.8,-9,-0.5
Film,Rip Girls,2000,6.2,-11.5,0.5
Film,Stepsister from Planet Weird,2000,5.9,-4.5,1.5
Film,The Beach,2000,6.7,-14.5,2.5
Film,The Emperor's New Groove,2000,7.3,-15,3.5
Film,The Kid,2000,6.1,-6.5,4.5
Film,The Little Mermaid II: Return to the Sea,2000,5.6,-9.5,5.5
Film,The Other Me,2000,6.1,-5.5,6.5
Film,The Tigger Movie,2000,6.3,-9.5,7.5
Film,The Ultimate Christmas Present,2000,5.9,-3.5,8.5
Film,"Up, Up, and Away!",2000,5.6,-8.5,9.5
Film,Whispers: An Elephant's Tale,2000,5.1,-5,10.5
Film,X-Men,2000,7.4,-14,11.5
Film,'Twas the Night,2001,5.4,-6,-9.5
Film,Atlantis: The Lost Empire,2001,6.9,-9.5,-8.5
Film,Behind Enemy Lines,2001,6.4,-9,-7.5
Film,Corky Romano,2001,4.7,-4,-6.5
Film,Dr. Dolittle 2,2001,4.7,-3,-5.5
Film,Halloweentown II: Kalabar's Revenge,2001,6.5,-6.5,-4.5
Film,Hounded,2001,5.1,-4,-3.5
Film,Jumping Ship,2001,6.2,-10.5,-2.5
Film,Lady and the Tramp II: Scamp's Adventure,2001,5.9,-2.5,-1.5
Film,Max Keeble's Big Move,2001,5.4,-5,-0.5
Film,"Monsters, Inc.",2001,8,-12.5,0.5
Film,Pearl Harbor,2001,6.2,-9.5,1.5
Film,Planet of the Apes,2001,5.7,-3.5,2.5
Film,Recess: School's Out,2001,6.6,-16,3.5
Film,The Luck of the Irish,2001,6.2,-8.5,4.5
Film,The Poof Point,2001,4.7,-2,5.5
Film,The Princess Diaries,2001,6.3,-8.5,6.5
Film,Three Days,2001,7.2,-2,7.5
Film,28 Days Later,2002,7.6,-7.5,-13.5
Film,A Ring of Endless Light,2002,6.1,-4.5,-12.5
Film,Antwone Fisher,2002,7.3,-14,-11.5
Film,Cadet Kelly,2002,5.5,-7,-10.5
Film,Cinderella II: Dreams Come True,2002,5,-4,-9.5
Film,Drumline,2002,5.9,-1.5,-8.5
Film,Get a Clue,2002,5.1,-3,-7.5
Film,Gotta Kick It Up!,2002,5.8,-8.5,-6.5
Film,Home Alone 4,2002,2.8,0.5,-5.5
Film,Ice Age,2002,7.5,-11.5,-4.5
Film,Lilo & Stitch,2002,7.2,-1,-3.5
Film,Mike's New Car,2002,7.1,-16,-2.5
Film,Return to Never Land,2002,5.8,-7.5,-1.5
Film,Road to Perdition,2002,7.7,-9.5,-0.5
Film,Signs,2002,6.7,-13.5,0.5
Film,Snow Dogs,2002,5.2,-4,1.5
Film,Star Wars: Episode II - Attack of the Clones,2002,6.5,-5.5,2.5
Film,Tarzan & Jane,2002,5.3,-0.5,3.5
Film,The Country Bears,2002,4.1,1,4.5
Film,The Hot Chick,2002,5.5,-6,5.5
Film,The Hunchback of Notre Dame II,2002,4.7,-1,6.5
Film,The Rookie,2002,6.9,-8.5,7.5
Film,The Santa Clause 2,2002,5.6,-7.5,8.5
Film,The Scream Team,2002,6.7,-12.5,9.5
Film,The Transporter,2002,6.8,-12.5,10.5
Film,Treasure Planet,2002,7.2,0,11.5
Film,Tuck Everlasting,2002,6.6,-15,12.5
Film,Winnie the Pooh: A Very Merry Pooh Year,2002,6.8,-11.5,13.5
Film,101 Dalmatians II: Patch's London Adventure,2003,5.8,-6.5,-11.5
Film,Atlantis: Milo's Return,2003,5.1,-2,-10.5
Film,Boundin',2003,6.9,-7.5,-9.5
Film,Brother Bear,2003,6.8,-10.5,-8.5
Film,Cheaper by the Dozen,2003,5.9,-0.5,-7.5
Film,Finding Nemo,2003,8.1,-9.5,-6.5
Film,Full-Court Miracle,2003,5.8,-5.5,-5.5
Film,George of the Jungle 2,2003,3.3,0.5,-4.5
Film,Inspector Gadget 2,2003,3.4,0.5,-3.5
Film,Phone Booth,2003,7,-10,-2.5
Film,Pirates of the Caribbean: The Curse of the Black Pearl,2003,8,-11.5,-1.5
Film,Recess naar Groep 7,2003,6.8,-9.5,-0.5
Film,Recess: All Growed Down,2003,6.6,-14,0.5
Film,Right on Track,2003,6.3,-7.5,1.5
Film,Stitch! The Movie,2003,6.2,-7.5,2.5
Film,The Cheetah Girls,2003,4.8,-1.5,3.5
Film,The Even Stevens Movie,2003,6.2,-6.5,4.5
Film,The Haunted Mansion,2003,5,-3,5.5
Film,The Jungle Book 2,2003,5.4,-4,6.5
Film,The Lizzie McGuire Movie,2003,5.5,-5,7.5
Film,The Young Black Stallion,2003,5.6,-6.5,8.5
Film,X2,2003,7.4,-13,9.5
Film,You Wish!,2003,6.2,-5.5,10.5
Film,Alien vs. Predator,2004,5.6,-5.5,-14
Film,America's Heart and Soul,2004,5.1,-1,-13
Film,Broken Lizard's Club Dread,2004,5.7,-2.5,-12
Film,Calendar Girls,2004,6.9,-6.5,-11
Film,Confessions of a Teenage Drama Queen,2004,4.6,0,-10
Film,Dodgeball: A True Underdog Story,2004,6.7,-11.5,-9
Film,Garden State,2004,7.4,-12,-8
Film,Garfield,2004,5,-2,-7
Film,Going to the Mat,2004,6.8,-8.5,-6
Film,Halloweentown High,2004,6.2,-4.5,-5
Film,Hidalgo,2004,6.7,-10.5,-4
Film,Home on the Range,2004,5.4,-3,-3
Film,"I, Robot",2004,7.1,-15,-2
Film,King Arthur,2004,6.3,-6.5,-1
Film,Lorenzo,2004,6.6,-13,0
Film,"Mickey, Donald, Goofy: The Three Musketeers",2004,6.4,-8,1
Film,Miracle,2004,7.5,-10.5,2
Film,Mulan II,2004,5.7,-1.5,3
Film,National Treasure,2004,6.8,-7.5,4
Film,Night Watch,2004,6.4,-7,5
Film,Raising Helen,2004,6,-6.5,6
Film,Sacred Planet,2004,6.1,-3.5,7
Film,Sideways,2004,7.5,-9.5,8
Film,Teacher's Pet,2004,5.8,-4.5,9
Film,The Day After Tomorrow,2004,6.4,-6,10
Film,The Incredibles,2004,8,-10.5,11
Film,The Lion King 1½,2004,6.5,-4.5,12
Film,The Princess Diaries 2: Royal Engagement,2004,5.8,-3.5,13
Film,Tiger Cruise,2004,6.2,-3.5,14
Film,Winnie the Pooh: Springtime with Roo,2004,6.5,-3.5,15
Film,Because of Winn-Dixie,2005,6.3,-5.5,-15
Film,Buffalo Dreams,2005,5.8,-2.5,-14
Film,Cheaper by the Dozen 2,2005,5.5,-4,-13
Film,Chicken Little,2005,5.7,-0.5,-12
Film,Cinderella Man,2005,8,-9.5,-11
Film,Derailed,2005,6.6,-12,-10
Film,Fantastic Four,2005,4.3,-2,-9
Film,Flightplan,2005,6.3,-4.5,-8
Film,Herbie Fully Loaded,2005,4.8,-0.5,-7
Film,Ice Princess,2005,6,-5.5,-6
Film,Jack-Jack Attack,2005,7.6,-6.5,-5
Film,Kingdom of Heaven,2005,7.2,1,-4
Film,Life Is Ruff,2005,4.9,-1,-3
Film,Lilo & Stitch 2: Stitch Has a Glitch,2005,6.3,-3.5,-2
Film,Mr. & Mrs. Smith,2005,6.5,-2.5,-1
Film,Now You See It...,2005,6.3,-2.5,0
Film,Once Upon a Mattress,2005,6.3,-1.5,1
Film,One Man Band,2005,7.7,-8.5,2
Film,Sky High,2005,6.2,-2.5,3
Film,Star Wars: Episode III - Revenge of the Sith,2005,7.5,-8.5,4
Film,Tarzan II,2005,5.6,-4.5,5
Film,"The Chronicles of Narnia: The Lion, the Witch and the Wardrobe",2005,6.9,-5.5,6
Film,The Emperor's New Groove 2: Kronk's New Groove,2005,5.8,-1.5,7
Film,The Greatest Game Ever Played,2005,7.4,-11,8
Film,The Pacifier,2005,5.6,-3.5,9
Film,The Proud Family Movie,2005,5.4,-2,10
Film,The Sandlot 2,2005,4.5,-0.5,11
Film,Twitches,2005,5.7,0.5,12
Film,Walk the Line,2005,7.8,-8,13
Film,Bambi II,2006,6.1,-2.5,-17
Film,Borat: Cultural Learnings of America,2006,7.3,-13,-16
Film,Brother Bear 2,2006,6.2,-1.5,-15
Film,Cars,2006,7.1,-14,-14
Film,Cow Belles,2006,5.2,-3,-13
Film,Déjà Vu,2006,7.1,-13,-12
Film,Doctor Dolittle 3,2006,4,1,-11
Film,Eight Below,2006,7.3,-12,-10
Film,Eragon,2006,5.1,0,-9
Film,Flicka,2006,6.1,-1.5,-8
Film,Garfield: A Tail of Two Kitties,2006,5,-1,-7
Film,Glory Road,2006,7.2,2,-6
Film,High School Musical,2006,5.4,-1,-5
Film,Ice Age: The Meltdown,2006,6.8,-6.5,-4
Film,Invincible,2006,7.1,-12,-3
Film,Leroy & Stitch,2006,6.2,-0.5,-2
Film,Lifted,2006,7.8,-7,-1
Film,Little Miss Sunshine,2006,7.8,-6,0
Film,Mater and the Ghostlight,2006,6.6,-11,1
Film,Night at the Museum,2006,6.4,-5,2
Film,Notes on a Scandal,2006,7.4,-10,3
Film,Pirates of the Caribbean: Dead Man's Chest,2006,7.3,-11,4
Film,Read It and Weep,2006,5.5,-3,5
Film,Return to Halloweentown,2006,5.6,-2.5,6
Film,Roving Mars,2006,7.2,3,7
Film,Scary Movie 4,2006,5.1,1,8
Film,The Cheetah Girls 2,2006,5,0,9
Film,The Guardian,2006,6.9,-4.5,10
Film,The Hills Have Eyes,2006,6.4,-4,11
Film,The Last King of Scotland,2006,7.7,-7.5,12
Film,The Santa Clause 3: The Escape Clause,2006,4.7,0,13
Film,The Wild,2006,5.3,0.5,14
Film,Wendy Wu: Homecoming Warrior,2006,5.4,0,15
Film,X-Men: The Last Stand,2006,6.7,-9.5,16
Film,28 Weeks Later,2007,6.9,-3.5,-13
Film,Alvin and the Chipmunks,2007,5.2,-2,-12
Film,Cinderella III: A Twist in Time,2007,5.9,0.5,-11
Film,Enchanted,2007,7,-9,-10
Film,Fantastic Four: Rise of the Silver Surfer,2007,5.6,-1.5,-9
Film,Fantastic Four: Silver Surfer,2007,5.6,-0.5,-8
Film,High School Musical 2,2007,5,1,-7
Film,I Think I Love My Wife,2007,5.5,-2,-6
Film,Johnny Kapahala: Back on Board,2007,5.5,-1,-5
Film,Jump In!,2007,5.3,1.5,-4
Film,Juno,2007,7.4,-9,-3
Film,Meet the Robinsons,2007,6.8,-5.5,-2
Film,National Treasure: Book of Secrets,2007,6.5,-1.5,-1
Film,Pirates of the Caribbean: At World's End,2007,7.1,-11,0
Film,Ratatouille,2007,8,-8.5,1
Film,Snowglobe,2007,6,-4.5,2
Film,The Game Plan,2007,6.1,-0.5,3
Film,The Pixar Story,2007,7.8,-5,4
Film,The Sandlot 3,2007,5,2,5
Film,The Savages,2007,7.1,-10,6
Film,The Secret of the Magic Gourd,2007,5.1,2,7
Film,The Simpsons Movie,2007,7.3,-10,8
Film,Underdog,2007,4.7,1,9
Film,Your Friend the Rat,2007,7.1,-9,10
Film,27 Dresses,2008,6.1,0.5,-10.5
Film,Bedtime Stories,2008,6,-3.5,-9.5
Film,Beverly Hills Chihuahua,2008,3.8,0.5,-8.5
Film,Bolt,2008,6.8,-4.5,-7.5
Film,Burn-E,2008,7.7,-6.5,-6.5
Film,Camp Rock,2008,5.2,-1,-5.5
Film,College Road Trip,2008,4.3,-1,-4.5
Film,Hannah Montana & Miley Cyrus: Best of Both Worlds Concert,2008,2.4,0.5,-3.5
Film,High School Musical 3: Senior Year,2008,4.8,0.5,-2.5
Film,Horton,2008,6.8,-3.5,-1.5
Film,Horton Hears a Who!,2008,6.8,-2.5,-0.5
Film,Iron Man,2008,7.9,-9.5,0.5
Film,Minutemen,2008,5.8,-0.5,1.5
Film,Presto,2008,8.3,-6.5,2.5
Film,Stonehenge: Decoded,2008,6.5,-0.5,3.5
Film,The Chronicles of Narnia: Prince Caspian,2008,6.5,0.5,4.5
Film,The Crimson Wing: Mystery of the Flamingos,2008,7.3,-9,5.5
Film,The Little Mermaid: Ariel's Beginning,2008,6.3,-0.5,6.5
Film,Tinker Bell,2008,6.8,-1.5,7.5
Film,Tokyo Mater,2008,6.6,-10,8.5
Film,WALL·E,2008,8.4,-9.5,9.5
Film,A Christmas Carol,2009,6.8,-0.5,-20.5
Film,Alvin and the Chipmunks: The Squeakquel,2009,5,3,-19.5
Film,Amelia,2009,5.8,0.5,-18.5
Film,Avatar,2009,7.8,-4,-17.5
Film,Bizarre Dinosaurs,2009,6.7,-8.5,-16.5
Film,Confessions of a Shopaholic ,2009,5.9,1.5,-15.5
Film,Crazy Heart,2009,7.2,4,-14.5
Film,De Hel van '63,2009,6.3,0.5,-13.5
Film,Dug's Special Mission,2009,7,-8,-12.5
Film,G-Force,2009,5.1,3,-11.5
Film,George and A.J.,2009,6.1,1.5,-10.5
Film,Hannah Montana: The Movie,2009,4.5,0.5,-9.5
Film,Ice Age: Dawn of the Dinosaurs,2009,6.9,-2.5,-8.5
Film,Jonas Brothers: The 3D Concert Experience,2009,1.6,0.5,-7.5
Film,Kingdom of the Blue Whale,2009,7.3,-8,-6.5
Film,Kings Ransom,2009,7,-7,-5.5
Film,Miss March,2009,5,4,-4.5
Film,Night at the Museum 2: Battle of the Smithsonian,2009,6,-2.5,-3.5
Film,Old Dogs,2009,5.4,1,-2.5
Film,Partly Cloudy,2009,8.2,-9.5,-1.5
Film,Post Grad,2009,5.3,2.5,-0.5
Film,Princess Protection Program,2009,5.6,0.5,0.5
Film,Race to Witch Mountain,2009,5.7,1.5,1.5
Film,Santa Buddies,2009,4.7,2,2.5
Film,Skyrunners,2009,5,5,3.5
Film,Space Buddies,2009,4.3,0,4.5
Film,Super Rhino,2009,6.3,1.5,5.5
Film,The Band that Wouldn't Die,2009,7.1,-8,6.5
Film,The Boys: The Sherman Brothers' Story,2009,7.9,-8.5,7.5
Film,The Princess and the Frog,2009,7.1,-7,8.5
Film,Tinkerbell: De Verloren Schat,2009,6.7,-7.5,9.5
Film,Trail of the Panda,2009,6.5,1.5,10.5
Film,Up,2009,8.2,-8.5,11.5
Film,Waking Sleeping Beauty,2009,7.6,-5.5,12.5
Film,Wizards of Waverly Place: The Movie,2009,6.2,0.5,13.5
Film,X-Men Origins: Wolverine,2009,6.6,-9,14.5
Film,Avalon High,2010,5.7,2.5,-24
Film,Black Swan,2010,8,-7.5,-23
Film,Camp Rock 2: The Final Jam,2010,5.2,0,-22
Film,Cars Toon: Mater Private Eye,2010,6.7,-6.5,-21
Film,Date Night,2010,6.3,2.5,-20
Film,Day & Night,2010,8.1,-8.5,-19
Film,Den Brother,2010,5.4,2,-18
Film,Diary of a Wimpy Kid,2010,6.2,1.5,-17
Film,Fernando Nation,2010,5.8,1.5,-16
Film,Flicka 2,2010,6,-1.5,-15
Film,Four Days in October,2010,5.6,1.5,-14
Film,Gulliver's Travels,2010,4.9,0,-13
Film,Guru of Go,2010,6.5,2.5,-12
Film,Hot Tub Time Machine,2010,6.4,-3,-11
Film,Into the Wind,2010,8.1,-7.5,-10
Film,Iron Man 2,2010,7,-6,-9
Film,Little Big Men,2010,5.7,3.5,-8
Film,No Crossover: The Trial of Allen Iverson,2010,6.4,-2,-7
Film,Percy Jackson & the Olympians: The Lightning Thief,2010,5.9,2.5,-6
Film,Prince of Persia: The Sands of Time,2010,6.6,-8,-5
Film,Ramona and Beezus,2010,6.5,3.5,-4
Film,Rapunzel,2010,7.7,-5.5,-3
Film,Run Ricky Run,2010,6.7,-5.5,-2
Film,Secretariat,2010,7.2,5,-1
Film,Secrets of the King Cobra,2010,6.5,4.5,0
Film,Silly Little Game,2010,6.6,-7,1
Film,StarStruck,2010,6.1,2.5,2
Film,The A-Team,2010,6.7,-4.5,3
Film,The Best That Never Was,2010,8.4,-8.5,4
Film,The Birth of Big Air,2010,6,-0.5,5
Film,The Chronicles of Narnia: The Voyage of the Dawn Treader,2010,6.3,3.5,6
Film,The Last Song,2010,6,0.5,7
Film,The Search for Santa Paws,2010,5.5,0,8
Film,The Sorcerer's Apprentice,2010,6.1,3.5,9
Film,Tick Tock Tale,2010,7.5,-7.5,10
Film,Tim Richmond: To the Limit,2010,5.6,2.5,11
Film,TinkerBell en de Grote Reddingsoperatie,2010,6.9,-1.5,12
Film,Toy Story 3,2010,8.3,-5.5,13
Film,TRON: Legacy,2010,6.8,0.5,14
Film,Wall Street: Money Never Sleeps,2010,6.2,2.5,15
Film,When in Rome,2010,5.6,3.5,16
Film,You Again,2010,5.8,2.5,17
Film,12 Dates of Christmas,2011,6.3,4.5,-26
Film,African Cats,2011,7.6,-4.5,-25
Film,Alvin and the Chipmunks: Chipwrecked,2011,4.5,1.5,-24
Film,Captain America: The First Avenger,2011,6.9,-0.5,-23
Film,Cars 2,2011,6.1,4.5,-22
Film,Diary of a Wimpy Kid: Rodrick Rules,2011,6.5,5.5,-21
Film,Finding Atlantis,2011,6.7,-3.5,-20
Film,Geek Charming,2011,6.4,-1,-19
Film,George W. Bush: The 9/11 Interview,2011,6.6,-6,-18
Film,Glee: The 3D Concert Movie,2011,5.5,1,-17
Film,Gnomeo & Juliet,2011,5.9,3.5,-16
Film,"Good Luck Charlie, It's Christmas!",2011,6.4,0,-15
Film,Hawaiian Vacation,2011,7.3,-7,-14
Film,Hunt for the Abominable Snowman,2011,4.7,3,-13
Film,Ice Age: A Mammoth Christmas,2011,6.5,6.5,-12
Film,Jake en de Nooitgedachtland Piraten,2011,5.6,4.5,-11
Film,La Luna,2011,8,-6.5,-10
Film,Lemonade Mouth,2011,6.9,0.5,-9
Film,Mars Needs Moms,2011,5.4,3,-8
Film,Mr. Poppers Penguin,2011,6,1.5,-7
Film,Phineas & Ferb: Dwars door de Tweede Dimensie,2011,7.4,-8,-6
Film,Pirates of the Caribbean: On Stranger Tides,2011,6.6,-5,-5
Film,Prom,2011,5.4,4,-4
Film,Rio,2011,6.9,1.5,-3
Film,Rise of the Planet of the Apes,2011,7.5,-6.5,-2
Film,Sec Storied: Herschel,2011,7.4,-7,-1
Film,SEC Storied: Herschel,2011,7.4,-6,0
Film,Sharpay's Fabulous Adventure,2011,4.7,4,1
Film,Small Fry,2011,7.1,-6,2
Film,Spooky Buddies,2011,4.6,1,3
Film,Teen Spirit,2011,5.5,2,4
Film,The Art of Getting By,2011,6.6,-4,5
Film,The Ballad of Nessie,2011,7,-5,6
Film,The Big Year,2011,6.2,3.5,7
Film,The Descendants,2011,7.3,-6,8
Film,The Muppets,2011,7.1,-5,9
Film,Thor,2011,7,-4,10
Film,Water for Elephans,2011,6.9,2.5,11
Film,We Bought a Zoo,2011,7.1,-4,12
Film,Wings of Life,2011,7.4,-5,13
Film,Winnie de Poeh,2011,7.2,6,14
Film,X-Men: First Class,2011,7.7,-4.5,15
Film,Beverly Hills Chihuahua 3: Viva La Fiesta!,2012,4.4,0,-19.5
Film,Brave,2012,7.1,-3,-18.5
Film,Broke,2012,6.5,7.5,-17.5
Film,Chimpanzee,2012,7.2,7,-16.5
Film,Chronicle,2012,7,-3,-15.5
Film,Cradle of the Gods,2012,7.2,8,-14.5
Film,Diary of a Wimpy Kid: Dog Days,2012,6.3,5.5,-13.5
Film,Flicka: Country Pride,2012,6.1,5.5,-12.5
Film,Home Alone 5: The Holiday Heist,2012,3.5,0.5,-11.5
Film,Ice Age: Continental Drift,2012,6.6,-3,-10.5
Film,John Carter,2012,6.6,-2,-9.5
Film,Life of Pi,2012,7.9,-7.5,-8.5
Film,Paperman,2012,8.3,-4.5,-7.5
Film,Partysaurus Rex,2012,7.5,-5.5,-6.5
Film,Prometheus,2012,7,-2,-5.5
Film,Red Tails,2012,5.9,4.5,-4.5
Film,Santa Paws 2: The Santa Pups,2012,5,6,-3.5
Film,Süskind,2012,6.9,3.5,-2.5
Film,Tangled Ever After,2012,7.6,-3.5,-1.5
Film,Taped,2012,6.2,4.5,-0.5
Film,The Avengers,2012,8,-5.5,0.5
Film,The Legend of Mor'du,2012,6.2,5.5,1.5
Film,The Longest Daycare,2012,7.3,-5,2.5
Film,The Mistle-Tones,2012,6.7,-2.5,3.5
Film,The Odd Life of Timothy Green,2012,6.6,-1,4.5
Film,There's No Place Like Home,2012,5.1,4,5.5
Film,This Means War,2012,6.3,6.5,6.5
Film,Tinker Bell: Secret of the Wings,2012,7.1,-2,7.5
Film,Treasure Buddies,2012,4.5,2.5,8.5
Film,Winged Seduction: Birds of Paradise,2012,6.7,-1.5,9.5
Film,Wreck-It Ralph,2012,7.7,-3.5,10.5
Film,App,2013,5.4,5,-25
Film,Big Shot,2013,7,-1,-24
Film,Bugged,2013,6.2,6.5,-23
Film,Captain Sparky vs. The Flying Saucers,2013,6.2,7.5,-22
Film,Cars Toon: Hiccups,2013,6.6,0,-21
Film,Elway to Marino,2013,7.8,-3,-20
Film,Epic,2013,6.7,-0.5,-19
Film,Free Spirits,2013,5.6,5.5,-18
Film,Frozen,2013,7.4,-4,-17
Film,Get a Horse!,2013,7.5,-4.5,-16
Film,Hawaiian: The Legend of Eddie Aikau,2013,6.1,6.5,-15
Film,Iron Man & Hulk: Heroes United,2013,4.7,5,-14
Film,Iron Man 3,2013,7.2,9,-13
Film,Monsters University,2013,7.3,-4,-12
Film,Oz: The Great and Powerful,2013,6.3,7.5,-11
Film,Planes,2013,5.7,4.5,-10
Film,Saving Mr. Banks,2013,7.5,-3.5,-9
Film,Sharks of Lost Island,2013,5.7,5.5,-8
Film,Super Buddies,2013,4.3,1,-7
Film,Survive and Advance,2013,8.6,-4,-6
Film,Teen Beach Movie,2013,5.9,5.5,-5
Film,The Blue Umbrella,2013,7.6,-2.5,-4
Film,The Counselor,2013,5.3,3.5,-3
Film,The Heat,2013,6.6,1,-2
Film,The Lone Ranger,2013,6.4,1,-1
Film,The Secret Life of Walter Mitty,2013,7.3,-3,0
Film,The Wizards Return: Alex vs. Alex,2013,6.4,2,1
Film,Thor: The Dark World,2013,6.9,4.5,2
Film,Toy Story of Terror,2013,7.5,-2.5,3
Film,Tula: The Revolt,2013,5.6,6.5,4
Film,Wolf,2013,7.3,-2,5
Film,Youngstown Boys,2013,7.4,-3,6
Film,"Alexander and the Terrible, Horrible, No Good, Very Bad Day",2014,6.2,8.5,-26
Film,Bears,2014,7.4,-2,-25
Film,Big Hero 6,2014,7.8,-2,-24
Film,Birdman,2014,7.7,-2.5,-23
Film,Brian and the Boz,2014,6.5,8.5,-22
Film,Captain America: The Winter Soldier,2014,7.7,-1.5,-21
Film,Cars Toon: Radiator Springs 500 1/2,2014,6.4,3,-20
Film,Dawn of the Planet of the Apes,2014,7.6,-1.5,-19
Film,De Poel,2014,5.4,6,-18
Film,Feast,2014,8.2,-7.5,-17
Film,Gone Girl,2014,8.1,-6.5,-16
Film,Guardians of the Galaxy,2014,8,-4.5,-15
Film,Into the Woods,2014,5.9,6.5,-14
Film,Iron Man and Captain America: Heroes United,2014,5.5,3,-13
Film,Lava,2014,7.2,10,-12
Film,LEGO Star Wars: The New Yoda Chronicles - Clash of the Skywalkers,2014,7.4,-1,-11
Film,LEGO Star Wars: The New Yoda Chronicles - Raid on Coruscant,2014,7.3,-1,-10
Film,LEGO Star Wars: The Yoda Chronicles – Escape from the Jedi Temple,2014,7.4,0,-9
Film,LEGO Star Wars: The Yoda Chronicles – Race for the Holocrons,2014,7.3,0,-8
Film,Let's Be Cops,2014,6.4,4,-7
Film,Lucia de B.,2014,7.1,-1,-6
Film,Maleficent,2014,7,0,-5
Film,Marvel 75 Years: From Pulp to Pop!,2014,7.3,1,-4
Film,Marvel Studios: Assembling a Universe,2014,7.6,-0.5,-3
Film,Million Dollar Arm,2014,7,1,-2
Film,Miracle Landing on the Hudson,2014,6.7,0.5,-1
Film,Muppets Most Wanted,2014,6.4,5,0
Film,Night at the Museum 3: Secret of the Tomb,2014,6.2,9.5,1
Film,Onder Het Hart,2014,6.1,7.5,2
Film,Party Central,2014,7.1,0,3
Film,Planes 2: Fire & Rescue,2014,6,2.5,4
Film,Playing for the Mob,2014,6.3,8.5,5
Film,Rand University,2014,6.9,5.5,6
Film,Rio 2,2014,6.3,9.5,7
Film,The Book of Life,2014,7.3,2,8
Film,The Day the Series Stopped,2014,6.8,1.5,9
Film,The Fault in Our Stars,2014,7.7,-0.5,10
Film,The Maze Runner,2014,6.8,2.5,11
Film,The Monuments Men,2014,6.1,8.5,12
Film,The Other Woman,2014,6,3.5,13
Film,Tinker Bell & De legende van het nooitgedachtbeest,2014,7.3,3,14
Film,Tinkerbell: The Pirate Fairy,2014,6.6,2,15
Film,Toy Story That Time Forgot,2014,7.2,11,16
Film,X-Men: Days of Future Past,2014,8,-3.5,17
Film,Alvin and the Chipmunks: The Road Chip,2015,4.3,2,-26.5
Film,Angry Sky,2015,5.1,5,-25.5
Film,Ant-Man,2015,7.3,4,-24.5
Film,Avengers: Age of Ultron,2015,7.3,5,-23.5
Film,"Bloed, Zweet & Tranen",2015,7.1,1,-22.5
Film,Descendants,2015,6.4,6,-21.5
Film,Four Falls of Buffalo,2015,8.5,-2.5,-20.5
Film,Frozen Fever,2015,6.9,6.5,-19.5
Film,Hallo Bungalow,2015,4.9,1,-18.5
Film,Hitman: Agent 47,2015,5.7,6.5,-17.5
Film,Homies,2015,5.8,3.5,-16.5
Film,I Hate Christian Laettner,2015,7.3,6,-15.5
Film,Incredible! The Story of Dr. Pol,2015,9,-2.5,-14.5
Film,Inside Out,2015,8.1,-5.5,-13.5
Film,Invisible Sister,2015,6.1,9.5,-12.5
Film,Joy,2015,6.6,3,-11.5
Film,Kristen,2015,5.6,7.5,-10.5
Film,Marvel Super Hero Adventures: Frost Fight!,2015,5.1,6,-9.5
Film,"McFarland, USA",2015,7.4,1,-8.5
Film,Of Miracles and Men,2015,8.3,-3.5,-7.5
Film,Prins,2015,6.5,9.5,-6.5
Film,Project T,2015,6.4,7,-5.5
Film,Riley's First Date?,2015,7.5,-1.5,-4.5
Film,Star Wars: Episode VII - The Force Awakens,2015,7.9,-6.5,-3.5
Film,Strange Magic,2015,5.8,4.5,-2.5
Film,The Big Short,2015,7.8,-1,-1.5
Film,The Good Dinosaur,2015,6.7,1.5,-0.5
Film,The Revenant,2015,8,-2.5,0.5
Film,Top 10 Biggest Beasts Ever,2015,7.1,2,1.5
Film,Trojan War,2015,6.7,2.5,2.5
Film,World's Greatest Dogs,2015,6.6,4,3.5
Film,Alice Through the Looking Glass,2016,6.2,10.5,-28.5
Film,Before the Flood,2016,8.3,-2.5,-27.5
Film,Believeland,2016,7.1,3,-26.5
Film,Blood Father,2016,6.4,8,-25.5
Film,Captain America: Civil War,2016,7.8,0,-24.5
Film,Catholics vs. Convicts,2016,5.7,7.5,-23.5
Film,Disney's Broadway Hits at London's Royal Albert Hall,2016,8.5,-1.5,-22.5
Film,Doc & Darryl,2016,6.6,5,-21.5
Film,Doctor Strange,2016,7.5,-0.5,-20.5
Film,Don't Hang Up,2016,5.6,8.5,-19.5
Film,Eddie the Eagle,2016,7.4,2,-18.5
Film,Egypt's Treasure Guardians,2016,6.4,9,-17.5
Film,Expedition Mars: Spirit & Opportunity,2016,8.1,-4.5,-16.5
Film,Finding Dory,2016,7.3,7,-15.5
Film,Growing Up Wild,2016,7.3,8,-14.5
Film,Hidden Figures,2016,7.8,1,-13.5
Film,How Dogs Got Their Shapes,2016,6.7,3.5,-12.5
Film,Hulk: Where Monsters Dwell,2016,5.5,4,-11.5
Film,Ice Age 5: Collision Course,2016,5.7,8.5,-10.5
Film,Keeping Up with the Joneses,2016,5.9,7.5,-9.5
Film,Mega Hammerhead,2016,6.8,3.5,-8.5
Film,"Mère et Fille, California Dream",2016,6.1,10.5,-7.5
Film,Mike and Dave Need Wedding Dates,2016,6,4.5,-6.5
Film,Ms Peregrines Home For Peculiar Children,2016,6.7,4.5,-5.5
Film,Pete's Dragon,2016,6.7,5.5,-4.5
Film,Phi Slama Jama,2016,5.6,9.5,-3.5
Film,Piper,2016,8.4,-7.5,-2.5
Film,Queen of Katwe,2016,7.4,3,-1.5
Film,Rogue One: A Star Wars Story,2016,7.8,2,-0.5
Film,The Finest Hours,2016,6.8,4.5,0.5
Film,The Incredible Dr. Pol: Blue Ribbon Kids,2016,9,-1.5,1.5
Film,This Magic Moment,2016,5.5,5,2.5
Film,Tini: Het nieuwe leven van Violetta,2016,5.5,6,3.5
Film,Una,2016,6.2,11.5,4.5
Film,Vaiana,2016,7.6,0.5,5.5
Film,Why Him?,2016,6.2,12.5,6.5
Film,Zootopia,2016,8,-1.5,7.5
Film,Atlantis Rising,2017,6.6,6,-38
Film,Breaking2,2017,7.3,9,-37
Film,Cars 3,2017,6.7,6.5,-36
Film,Coco,2017,8.4,-6.5,-35
Film,Decorating Disney: Holiday Magic,2017,7.1,4,-34
Film,Descendants 2,2017,6.5,10.5,-33
Film,Diary of a Wimpy Kid: The Long Haul,2017,4.3,3,-32
Film,Dikkertje Dap,2017,6.6,7,-31
Film,Disney's Fairy Tale Weddings: Holiday Magic,2017,7,2,-30
Film,Disney's Newsies the Broadway Musical,2017,8.5,-0.5,-29
Film,Disneynature: Ghost of the Mountains,2017,6.8,5.5,-28
Film,Earth Live,2017,5.5,7,-27
Film,Expedition China,2017,6.4,10,-26
Film,Ferdinand,2017,6.7,7.5,-25
Film,Gifted,2017,7.6,1.5,-24
Film,Guardians of the Galaxy Vol. 2,2017,7.6,2.5,-23
Film,Hampstead,2017,6.1,11.5,-22
Film,Jane,2017,7.8,3,-21
Film,Logan,2017,8.1,-3.5,-20
Film,LOU,2017,7.9,-5.5,-19
Film,Man Among Cheetahs,2017,6.6,8,-18
Film,Murder on the Orient Express,2017,6.5,11.5,-17
Film,Olaf's Frozen Adventure,2017,5.5,8,-16
Film,Pirates of the Caribbean: Salazar's Revenge,2017,6.6,9,-15
Film,Sea of Hope: America's Underwater Treasures,2017,6.8,6.5,-14
Film,Star Wars: The Last Jedi,2017,7,3,-13
Film,Tangled: Before Ever After,2017,6.6,10,-12
Film,The Greatest Showman,2017,7.6,3.5,-11
Film,The Mercy,2017,6,5.5,-10
Film,The Secret of Christ's Tomb,2017,6.4,11,-9
Film,Thor: Ragnarok,2017,7.9,-4.5,-8
Film,Titanic: 20 Years Later,2017,7.1,5,-7
Film,Titanic: 20 Years Later with James Cameron,2017,7.2,12,-6
Film,Vampirina: De Griezels Rocken!,2017,6.8,7.5,-5
Film,What Carter Lost,2017,6.9,7.5,-4
Film,Wilson,2017,5.8,5.5,-3
Film,Year of the Scab,2017,7.3,10,-2
Film,A Private War,2018,6.7,8.5,-29
Film,A Wrinkle in Time,2018,4.2,1,-28
Film,Ant-Man and the Wasp,2018,7.1,6,-27
Film,Auntie Edna,2018,7.1,7,-26
Film,Avengers: Infinity War,2018,8.4,-5.5,-25
Film,Bad Times at the El Royale,2018,7.1,8,-24
Film,Bao,2018,7.5,0.5,-23
Film,Black Panther,2018,7.3,11,-22
Film,Can You Ever Forgive Me?,2018,7.1,9,-21
Film,Christopher Robin,2018,7.3,12,-20
Film,De Wilde Stad,2018,6.7,9.5,-19
Film,Dolphin Reef,2018,6.8,8.5,-18
Film,Free Solo,2018,8.2,-6.5,-17
Film,Howard,2018,8.6,-3,-16
Film,Into the Okavango,2018,7.6,4.5,-15
Film,Life-Size 2,2018,4.8,1.5,-14
Film,MARS: Inside SpaceX,2018,7.4,4,-13
Film,Marvel Rising: Secret Warriors,2018,5.2,1,-12
Film,Mary Poppins Returns,2018,6.7,10.5,-11
Film,Mission to the Sun,2018,7.1,10,-10
Film,Paris to Pittsburgh,2018,6.9,8.5,-9
Film,Purl,2018,6.5,12.5,-8
Film,Ralph Breaks the Internet,2018,7.1,11,-7
Film,Science Fair,2018,7.5,1.5,-6
Film,Solo: A Star Wars Story,2018,6.9,9.5,-5
Film,Stuntman,2018,9,-0.5,-4
Film,The Favourite,2018,7.5,2.5,-3
Film,The Flood,2018,7.9,-3.5,-2
Film,The Hate U Give,2018,7.5,3.5,-1
Film,The Incredibles 2,2018,7.6,5.5,0
Film,The Nutcracker & The Four Realms,2018,5.5,9,1
Film,The Other Side of the Door,2018,6.8,9.5,2
Film,Under the Sea: A Descendants Story,2018,6,6.5,3
Film,A Hidden Life,2019,7.4,5,-45
Film,Alita: Battle Angel,2019,7.3,13,-44
Film,Apollo: Missions to the Moon,2019,7.7,0.5,-43
Film,Avengers: Endgame,2019,8.4,-4.5,-42
Film,Breakthrough,2019,6.3,10.5,-41
Film,Captain Marvel,2019,6.9,10.5,-40
Film,De Dirigent,2019,7.3,14,-39
Film,Deion's Double Play,2019,7,4,-38
Film,Expedition Amelia,2019,7.7,1.5,-37
Film,Float,2019,7.4,6,-36
Film,Frozen 2,2019,6.9,11.5,-35
Film,Glass,2019,6.6,11,-34
Film,Into the Grand Canyon,2019,7.5,4.5,-33
Film,Jojo Rabbit,2019,7.9,-2.5,-32
Film,Kim Possible,2019,3.6,0.5,-31
Film,Lucy in the Sky,2019,4.9,2,-30
Film,Maleficent 2,2019,6.6,12,-29
Film,Marvel Rising: Operation Shuri,2019,5.2,2,-28
Film,Myth: A Frozen Tale,2019,6.7,11.5,-27
Film,Noelle,2019,6.3,11.5,-26
Film,Notre Dame: Race against The Inferno,2019,6.4,12,-25
Film,Penguins,2019,7,5,-24
Film,Ready or Not,2019,6.9,12.5,-23
Film,Scrapyard Supercar,2019,7,6,-22
Film,Smash and Grab,2019,6.7,12.5,-21
Film,Spies in Disguise,2019,6.8,10.5,-20
Film,Star Wars: The Rise of Skywalker,2019,6.7,13.5,-19
Film,Stuber,2019,6.2,13.5,-18
Film,Terminator: Dark Fate,2019,6.2,14.5,-17
Film,The Aftermath,2019,6.3,12.5,-16
Film,The Art of Racing in the Rain,2019,7.6,6.5,-15
Film,The Dominican Dream,2019,7.6,7.5,-14
Film,"The Good, The Bad, The Hungry",2019,6.8,11.5,-13
Film,The Kid Who Would Be King,2019,6,7.5,-12
Film,The Little Mermaid Live!,2019,5.6,10.5,-11
Film,The Lost Tomb of Alexander the Great,2019,6.6,13,-10
Film,Togo,2019,8,-0.5,-9
Film,Tolkien,2019,6.8,12.5,-8
Film,Toy Story 4,2019,7.8,4,-7
Film,Wind,2019,7.1,12,-6
Film,X-Men: Dark Phoenix,2019,5.8,6.5,-5
Film,A Celebration of the Music from Coco,2020,7.4,7,-33.5
Film,Artemis Fowl,2020,4.1,2,-32.5
Film,Books of Blood,2020,5.6,11.5,-31.5
Film,Chadwick Boseman: A Tribute for a King,2020,6.8,13.5,-30.5
Film,Chasing the Equinox,2020,5.9,8.5,-29.5
Film,Clouds,2020,9,0.5,-28.5
Film,De Schooltuin,2020,7.9,-1.5,-27.5
Film,Der Überläufer,2020,6.8,14.5,-26.5
Film,Downhill,2020,4.9,3,-25.5
Film,Elephant,2020,7.1,13,-24.5
Film,Hamilton,2020,9,1.5,-23.5
Film,Lamp Life,2020,6.7,14.5,-22.5
Film,Loop,2020,6.8,15.5,-21.5
Film,Miraculous World: New York,2020,7.3,15,-20.5
Film,Nomadland,2020,7.5,5.5,-19.5
Film,Onward,2020,7.4,8,-18.5
Film,Out,2020,7.7,2.5,-17.5
Film,Playdate with Destiny,2020,6.7,15.5,-16.5
Film,Safety,2020,6.6,14,-15.5
Film,Soul,2020,7.8,5,-14.5
Film,The Call of the Wild,2020,6.8,16.5,-13.5
Film,The Disney Family Singalong,2020,8,0.5,-12.5
Film,The Lego Star Wars Holiday Special,2020,7.9,-0.5,-11.5
Film,The New Mutants,2020,5.3,4.5,-10.5
Film,The One and Only Ivan,2020,6.7,16.5,-9.5
Film,Timmy Fiasco: Privédetective,2020,6.1,12.5,-8.5
Film,Underwater,2020,5.8,7.5,-7.5
Film,Antlers,2021,6,8.5,-37
Film,Black Widow (VIP-toegang),2021,7.4,9,-36
Film,Black Widow (zonder VIP-toegang),2021,6.8,17.5,-35
Film,Cruella (met VIP-toegang),2021,6.9,13.5,-34
Film,Cruella (zonder VIP-toegang),2021,7.4,10,-33
Film,Derek DelGaudio's In & Of Itself,2021,8.3,-1.5,-32
Film,Eternals,2021,6.8,18.5,-31
Film,Free Guy,2021,7.4,11,-30
Film,Hysterical,2021,6.7,17.5,-29
Film,Jungle Cruise (met VIP-toegang),2021,7,7,-28
Film,Jungle Cruise (zonder VIP-toegang),2021,6.6,15,-27
Film,Luca,2021,8.4,-3.5,-26
Film,Most Magical Story on Earth: The 50 Years of Walt Disney World,2021,7.8,6,-25
Film,Playing with Sharks,2021,8.3,-0.5,-24
Film,Raya en de Laatste Draak,2021,8.3,0.5,-23
Film,Ron's Gone Wrong,2021,7.2,13,-22
Film,Shang-Chi and the Legend of the Ten Rings,2021,7.9,0.5,-21
Film,Summer of Soul,2021,8.3,1.5,-20
Film,The Last Duel,2021,7.7,3.5,-19
Film,The Legend of Jimmy the Greek,2021,5.3,5.5,-18
Film,The Night House,2021,6.5,13.5,-17
Film,The Rescue,2021,8.4,-2.5,-16
Film,The Simpsons in Plusaversary,2021,5.7,9.5,-15
Film,Torn,2021,8.4,-1.5,-14
Film,Us Again,2021,8.1,-2.5,-13
Film,Wolfgang,2021,8.2,-5.5,-12
Serie,The Muppet Show,1976,8.4,-0.5,2
Serie,Spider-Woman,1979,5.7,10.5,2
Serie,Spider-Man,1981,7,8,2.5
Serie,Knabbel en Babbel Rescue Rangers,1989,7.6,8.5,3
Serie,The Simpsons,1989,8.6,-2,4
Serie,Darkwing Duck,1991,7.6,9.5,3
Serie,Goof Troop,1992,6.8,19.5,5
Serie,The Little Mermaid,1992,6.8,20.5,6
Serie,Boy Meets World,1993,8.1,-1.5,7
Serie,The X-Files,1993,8.6,-1,8
Serie,Gargoyles,1994,8.1,-0.5,5.5
Serie,Timon & Pumbaa,1995,7.1,14,7
Serie,Mighty Ducks,1996,6.5,14.5,8
Serie,Recess,1997,7.8,7,9.5
Serie,Angel,1999,7.9,1.5,9
Serie,Family Guy,1999,8.1,0.5,10
Serie,The Avengers: United They Stand,1999,5.5,10,11
Serie,Teacher's Pet,2000,6.3,13.5,12.5
Serie,According to Jim,2001,6.4,13,8.5
Serie,Lizzie McGuire,2001,6.6,16,9.5
Serie,The Proud Family,2001,6.4,14,10.5
Serie,Kim Possible,2002,7.2,14,14.5
Serie,Air Crash Investigation,2003,8.8,-0.5,11.5
Serie,That's So Raven,2003,6.6,17,12.5
Serie,American Dad,2005,7.3,16,14
Serie,Criminal Minds,2005,8.1,1.5,15
Serie,My Name is Earl,2005,7.7,4.5,16
Serie,Hannah Montana,2006,5,7,17
Serie,The Suite Life of Zack & Cody,2006,6.5,15.5,18
Serie,"Fais pas ci, fais pas ça",2007,7.7,5.5,11
Serie,Phineas and Ferb,2007,7.9,2.5,12
Serie,Private Practice,2007,6.7,18.5,13
Serie,Wizards of Waverly Place,2007,6.8,21.5,14
Serie,Star Wars: The Clone Wars,2008,8.2,-4.5,10.5
Serie,The Suite Life on Deck,2008,6.3,14.5,11.5
Serie,Apocalypse: The Second World War,2009,9,2.5,15.5
Serie,Dollhouse,2009,7.7,6.5,16.5
Serie,Modern Family,2009,8.4,0.5,17.5
Serie,Sonny with a Chance,2009,6.1,13.5,18.5
Serie,The Super Hero Squad Show,2009,6.1,14.5,19.5
Serie,Un Homme D'Honneur,2009,7.1,15,20.5
Serie,Zeke & Luther,2009,6.4,15,21.5
Serie,Ancient X Files,2010,6.5,16.5,18
Serie,Good Luck Charlie,2010,7,9,19
Serie,Great Migrations,2010,8.1,2.5,20
Serie,Only Murders in the Building,2010,8.3,2.5,21
Serie,Raising Hope,2010,8,1.5,22
Serie,Take Two with Phineas and Ferb,2010,6.4,16,23
Serie,The Avengers: Earth's Mightiest Heroes,2010,8.3,3.5,24
Serie,The Walking Dead,2010,8.2,-3.5,25
Serie,A.N.T. Farm,2011,5,8,16
Serie,American Horror Story,2011,8,2.5,17
Serie,Austin & Ally,2011,6,9.5,18
Serie,Bob's Burgers,2011,8.1,3.5,19
Serie,Body of Proof,2011,7.1,16,20
Serie,Homeland,2011,8.3,4.5,21
Serie,Jessie,2011,5.9,9.5,22
Serie,Minnie's Bow-Toons,2011,6.3,15.5,23
Serie,New Girl,2011,7.7,7.5,24
Serie,Once Upon a Time,2011,7.7,8.5,25
Serie,The Incredible Dr. Pol,2011,8.6,0,26
Serie,The Killing,2011,8.2,-2.5,27
Serie,Birth of Europe,2012,7.1,17,11.5
Serie,Crimi Clowns,2012,8.1,4.5,12.5
Serie,Doc McStuffins,2012,6.7,19.5,13.5
Serie,Gravity Falls,2012,8.9,-0.5,14.5
Serie,Lab Rats,2012,6.6,18,15.5
Serie,Marvel's Ultimate Spider-Man,2012,7.1,18,16.5
Serie,Mère et Fille,2012,6.8,22.5,17.5
Serie,Randy Cunningham: 9th Grade Ninja,2012,6.6,19,18.5
Serie,TRON: Uprising,2012,8.2,-1.5,19.5
Serie,Unlikely Animal Friends,2012,7.7,9.5,20.5
Serie,Agents of S.H.I.E.L.D.,2013,7.5,6.5,7
Serie,Broadchurch,2013,8.4,1.5,8
Serie,Car S.O.S.,2013,8.1,5.5,9
Serie,De Kliniek,2013,2.9,0.5,10
Serie,"Dude, That's My Ghost!",2013,6,10.5,11
Serie,Henry Hugglemonster,2013,5.2,3,12
Serie,King Fishers,2013,7.1,19,13
Serie,Lazy Company,2013,6.5,17.5,14
Serie,Liv and Maddie,2013,6.3,16.5,15
Serie,Marvel's Agents of S.H.I.E.L.D.,2013,7.5,7.5,16
Serie,Marvel's Avengers Assemble,2013,7,10,17
Serie,Mighty Med,2013,6.5,18.5,18
Serie,Mistresses,2013,7.1,20,19
Serie,Once Upon a Time in Wonderland,2013,7,11,20
Serie,Sheriff Callies Wilde Westen,2013,6.4,17,21
Serie,The Americans,2013,8.4,2.5,22
Serie,The Fosters,2013,7.9,3.5,23
Serie,The Mafia Only Kills in Summer,2013,7.9,4.5,24
Serie,Ultimate Airport Dubai,2013,7.7,10.5,25
Serie,When Sharks Attack,2013,6.6,20,26
Serie,Black-ish,2014,7.1,21,18
Serie,Cosmos: A Spacetime Odyssey,2014,9.3,0.5,19
Serie,"Dr. Oakley, Yukon Vet",2014,8.2,-0.5,20
Serie,Girl Meets World,2014,7.2,15,21
Serie,Kirby Buckets,2014,4.7,6,22
Serie,Muppet Moments,2014,8,3.5,23
Serie,People Just Do Nothing,2014,8.5,0.5,24
Serie,Star Wars Rebels,2014,8,4.5,25
Serie,The Evermoor Chronicles,2014,6.1,15.5,26
Serie,Tyrant,2014,7.8,8,27
Serie,Agent Carter,2015,7.9,5.5,4.5
Serie,Alex & Co,2015,5.4,7,5.5
Serie,America's National Parks,2015,7.9,6.5,6.5
Serie,Amigo's,2015,7.5,8.5,7.5
Serie,Deadly Instincts,2015,4.8,2.5,8.5
Serie,Descendants Wicked World,2015,6.7,20.5,9.5
Serie,Empire,2015,7.3,17,10.5
Serie,Gåsmamman,2015,7.5,9.5,11.5
Serie,Hitler's Death Squads,2015,7.2,16,12.5
Serie,Humans,2015,8,5.5,13.5
Serie,Ice Road Rescue,2015,8.3,5.5,14.5
Serie,Lego Star Wars: Droid Tales,2015,7.5,10.5,15.5
Serie,Life in Pieces,2015,8,6.5,16.5
Serie,Miraculous: Tales of Ladybug & Cat Noir,2015,7.8,9,17.5
Serie,One Mississippi,2015,7.4,12,18.5
Serie,Penoza Sweden,2015,7.5,11.5,19.5
Serie,PJ Masks,2015,5.6,12.5,20.5
Serie,Poldark,2015,8.3,6.5,21.5
Serie,Quantico,2015,6.7,21.5,22.5
Serie,Spitsbroers,2015,7.5,12.5,23.5
Serie,Star vs. de Kracht van het Kwaad,2015,8,7.5,24.5
Serie,The Muppets,2015,7.4,13,25.5
Serie,Wild Sri Lanka,2015,8.6,1,26.5
Serie,Wild Yellowstone,2015,7.5,13.5,27.5
Serie,American Housewife,2016,7.4,14,8.5
Serie,Animal ER,2016,7.6,10.5,9.5
Serie,Atlanta,2016,8.6,2,10.5
Serie,Better Things,2016,7.8,10,11.5
Serie,Continent 7: Antarctica,2016,7.4,15,12.5
Serie,Criminal Minds: Beyond Borders,2016,6.2,15.5,13.5
Serie,Elena of Avalor,2016,6.4,18,14.5
Serie,Genius by Stephen Hawking,2016,7.7,11.5,15.5
Serie,Lab Rats: Elite Force,2016,6.5,19.5,16.5
Serie,Lego Star Wars: The Freemaker Adventures,2016,7.5,14.5,17.5
Serie,MECH-X4,2016,6.1,16.5,18.5
Serie,Milo Murphy's Law,2016,7.5,15.5,19.5
Serie,Pitch,2016,7.4,16,20.5
Serie,Primal Survivor,2016,8.4,3.5,21.5
Serie,Soy Luna,2016,6.9,14.5,22.5
Serie,Star,2016,6.7,22.5,23.5
Serie,Supercar Megabuild,2016,7,12,24.5
Serie,The Catch,2016,7.2,17,25.5
Serie,The Lion Guard,2016,6.5,20.5,26.5
Serie,The Lodge,2016,6,11.5,27.5
Serie,Victoria,2016,8.2,0.5,28.5
Serie,What We Do in The Shadows,2016,8.5,1.5,29.5
Serie,5vor12,2017,7.3,18,-1
Serie,Andi Mack,2017,7.2,18,0
Serie,Babylon Berlin,2017,8.4,4.5,1
Serie,Chip 'n Dale's Nutty Tales,2017,7.6,11.5,2
Serie,Club Mickey Mouse,2017,7.3,19,3
Serie,Das Verschwinden,2017,7.3,20,4
Serie,Disney Junior Music Nursery Rhymes,2017,6.7,23.5,5
Serie,Disney's Fairy Tale Weddings,2017,6.2,16.5,6
Serie,DuckTales,2017,8.2,1.5,7
Serie,Feud: Bette and Joan,2017,8.5,2.5,8
Serie,Genius: Aretha,2017,8.3,7.5,9
Serie,Genius: Einstein,2017,8.3,8.5,10
Serie,Genius: Picasso,2017,8.3,9.5,11
Serie,Inhumans,2017,5,9,12
Serie,Inside the SS,2017,7.5,16.5,13
Serie,Keeping Faith,2017,7.1,22,14
Serie,Legion,2017,8.2,2.5,15
Serie,Liar,2017,7.1,23,16
Serie,Marvel Future Avengers,2017,5.6,13.5,17
Serie,Marvel Runaways,2017,7,13,18
Serie,Marvel Super Hero Adventures,2017,6.2,17.5,19
Serie,Marvel's Ant-Man,2017,6.6,21,20
Serie,Marvel's Rocket & Groot,2017,6.9,15.5,21
Serie,Marvel's Runaways,2017,7,14,22
Serie,Marvel's Spider-Man,2017,6.1,17.5,23
Serie,Marvel's Spider-Man: Maximum Venom,2017,6.2,18.5,24
Serie,Maximilian - Das Spiel von Macht und Liebe,2017,7.5,17.5,25
Serie,Mickey and the Roadster Racers,2017,6.2,19.5,26
Serie,Missions,2017,6.7,24.5,27
Serie,Origins: The Journey of Humankind,2017,6.7,25.5,28
Serie,Porters,2017,6.7,26.5,29
Serie,Puppy Dog Pals,2017,7.1,24,30
Serie,Rapunzel's Tangled Adventure,2017,7.6,12.5,31
Serie,Runaways,2017,7.1,25,32
Serie,Snowfall,2017,8.2,3.5,33
Serie,Star Wars: Forces of Destiny,2017,4.9,4,34
Serie,The Good Karma Hospital,2017,7.9,7.5,35
Serie,The Mick,2017,7.8,11,36
Serie,The Orville,2017,8,8.5,37
Serie,Vampirina,2017,6.8,23.5,38
Serie,Year Million,2017,7.4,17,39
Serie,9-1-1,2018,7.7,12.5,4
Serie,Big City Greens,2018,6.8,24.5,5
Serie,Bluey,2018,9.7,0.5,6
Serie,Coop & Cami Ask The World,2018,5.8,8.5,7
Serie,Drain the Oceans,2018,7.6,13.5,8
Serie,Fancy Nancy,2018,5.2,4,9
Serie,Find Me In Paris,2018,7.2,19,10
Serie,Grown-ish,2018,6.4,19,11
Serie,Il Cacciatore,2018,7.5,18.5,12
Serie,Legend of the Three Caballeros,2018,7.9,8.5,13
Serie,Marvel Rising: Initiation,2018,5.1,7,14
Serie,Mr Inbetween,2018,8.6,3,15
Serie,Mr. Inbetween,2018,8.6,4,16
Serie,Muppet Babies,2018,7,15,17
Serie,One Strange Rock,2018,8.8,0.5,18
Serie,Pagan Peak,2018,8,9.5,19
Serie,Papa ou Maman,2018,6.2,20.5,20
Serie,Penny op M.A.R.S.,2018,7.1,26,21
Serie,Rel,2018,4.4,1,22
Serie,Rocky Mountain Animal Rescue,2018,7.9,9.5,23
Serie,Secrets of the Zoo,2018,8.4,5.5,24
Serie,Siren,2018,7,16,25
Serie,Station 19,2018,6.8,25.5,26
Serie,The Chi,2018,7.3,21,27
Serie,The Resident,2018,7.7,13.5,28
Serie,Tut's Treasures: Hidden Secrets,2018,7.2,20,29
Serie,Vampirina Ghoul Girls Rock!,2018,7.9,10.5,30
Serie,101 Dalmatian Street,2019,6.3,17.5,-4
Serie,A Confession,2019,7.6,14.5,-3
Serie,Amphibia,2019,7.9,11.5,-2
Serie,Apocalypse: War of the Worlds,2019,8.4,6.5,-1
Serie,Beecham House,2019,6.7,27.5,0
Serie,Bia,2019,7,17,1
Serie,Bless the Harts,2019,5.5,11,2
Serie,Bless this Mess,2019,6.9,16.5,3
Serie,Bless This Mess,2019,6.9,17.5,4
Serie,Buried Secrets of WWII,2019,7.3,22,5
Serie,Dollface,2019,7.4,18,6
Serie,Double Je,2019,6.4,20,7
Serie,"Dr. T, Lone Star Vet",2019,8.4,7.5,8
Serie,Encore!,2019,7.4,19,9
Serie,Europe From Above,2019,8.1,6.5,10
Serie,Family Sundays,2019,5.7,11.5,11
Serie,Forky Asks a Question,2019,6.9,18.5,12
Serie,Fosse/Verdon,2019,7.9,12.5,13
Serie,Gabby Duran and the Unsittables,2019,5.2,5,14
Serie,Good Trouble,2019,7.5,19.5,15
Serie,Gordon Ramsay: Uncharted,2019,7.8,12,16
Serie,High School Musical: The Musical: The Series,2019,7.3,23,17
Serie,Hostile Planet,2019,8.2,4.5,18
Serie,Just Roll With It,2019,4.8,3.5,19
Serie,Kingdom of the White Wolf,2019,8.2,5.5,20
Serie,Le Temps Est Assassin,2019,5.3,6.5,21
Serie,Lost Treasures of Egypt,2019,8.2,6.5,22
Serie,M-A City Hunts a Murderer,2019,5.7,12.5,23
Serie,M-Eine Stadt Sucht Einen Mörder,2019,5.7,13.5,24
Serie,Marvel's Hero Project,2019,5.5,12,25
Serie,Mickey Mouse: Mixed-Up Adventures,2019,7.1,27,26
Serie,Mixed-ish,2019,6.3,18.5,27
Serie,One Day at Disney,2019,7.4,20,28
Serie,Pick of the Litter,2019,8.4,8.5,29
Serie,Pixar in Real Life,2019,6.5,21.5,30
Serie,Sadie Sparks Shorts,2019,7,18,31
Serie,Sadie Sparks: Funny Bunny,2019,7,19,32
Serie,Short Circuit,2019,7.6,15.5,33
Serie,Studio Tarara,2019,7.8,13,34
Serie,Sydney to the Max,2019,6.1,18.5,35
Serie,The Fix,2019,6.6,22,36
Serie,The Godfather of Harlem,2019,8,10.5,37
Serie,The Hot Zone,2019,7.3,24,38
Serie,The Imagineering Story,2019,9.1,0.5,39
Serie,The Mandalorian,2019,8.7,1,40
Serie,The Pier,2019,7.2,21,41
Serie,The World According to Jeff Goldblum,2019,7.8,14,42
Serie,Tropiques Criminels,2019,7.2,22,43
Serie,Ultimate Survival WWII,2019,9.2,0.5,44
Serie,War of the Worlds,2019,6.3,19.5,45
Serie,World on Fire,2019,7.3,25,46
Serie,9-1-1: Lone Star,2020,6.9,19.5,-6.5
Serie,A Teacher,2020,6.9,20.5,-5.5
Serie,A Wilderness of Error,2020,6.5,22.5,-4.5
Serie,Baghdad Central,2020,7.3,26,-3.5
Serie,Be Our Chef,2020,6.4,21,-2.5
Serie,Becoming,2020,7.3,27,-1.5
Serie,Big Sky,2020,6.7,28.5,-0.5
Serie,Black Narcissus,2020,5.8,9.5,0.5
Serie,Breeders,2020,7.4,21,1.5
Serie,Dave,2020,8.3,10.5,2.5
Serie,De Wonderlijke Wereld van Mickey Mouse,2020,8,11.5,3.5
Serie,Diary of a Future President,2020,5.8,10.5,4.5
Serie,Disney Gallery / Star Wars: The Mandalorian,2020,8.5,3.5,5.5
Serie,Disney Insider,2020,6.7,29.5,6.5
Serie,Earth to Ned,2020,6.6,23,7.5
Serie,Filthy Rich,2020,6.1,19.5,8.5
Serie,Helstrom,2020,6.8,26.5,9.5
Serie,High Fidelity,2020,7.7,14.5,10.5
Serie,Inside Pixar,2020,7.2,23,11.5
Serie,Into the Unknown: Making Frozen II,2020,8.6,5,12.5
Serie,It's A Dog's Life,2020,8.2,7.5,13.5
Serie,Kingdom of Mummies,2020,7.1,28,14.5
Serie,Love in the Time of Corona,2020,5.6,14.5,15.5
Serie,"Love, Victor",2020,8.1,7.5,16.5
Serie,Magic of Disney's Animal Kingdom,2020,8.2,8.5,17.5
Serie,Moloch,2020,5.8,11.5,18.5
Serie,Mrs. America,2020,7.9,13.5,19.5
Serie,Muppets Now,2020,6,12.5,20.5
Serie,Next,2020,6.7,30.5,21.5
Serie,Peacemaker,2020,7.3,28,22.5
Serie,Prop Culture,2020,8.4,9.5,23.5
Serie,Shop Class,2020,6.8,27.5,24.5
Serie,Solar Opposites,2020,8,12.5,25.5
Serie,The Big Fib,2020,5.1,8,26.5
Serie,The Con,2020,7.1,29,27.5
Serie,The Gloaming,2020,6.7,31.5,28.5
Serie,The Right Stuff,2020,6.4,22,29.5
Serie,Tips voor thuisblijven,2020,6.5,23.5,30.5
Serie,To Catch a Smuggler,2020,6.9,21.5,31.5
Serie,WandaVision,2020,8.1,8.5,32.5
Serie,White House Farm,2020,7.4,22,33.5
Serie,Zenimation,2020,7.3,29,34.5
Serie,9/11: One Day in America,2021,9.4,0.5,-11
Serie,Alive & Kicking,2021,6.3,20.5,-10
Serie,Alive and Kicking,2021,6.3,21.5,-9
Serie,American Horror Stories,2021,6.1,20.5,-8
Serie,Besos Al Aire,2021,6.9,22.5,-7
Serie,Big Shot,2021,7.4,23,-6
Serie,Dat Ene Woord: Feyenoord,2021,8.9,0.5,-5
Serie,Doogie Kamealoha,2021,5.4,8,-4
Serie,"Doogie Kamealoha, M.D.",2021,5.5,13,-3
Serie,Dopesick,2021,8.8,1.5,-2
Serie,En Therapie,2021,8.2,9.5,-1
Serie,Hawkeye,2021,8.1,9.5,0
Serie,Insânia,2021,5.2,6,1
Serie,Knabbel en Babbel: Park Life,2021,5.4,9,2
Serie,Loki,2021,8.9,1.5,3
Serie,M.O.D.O.K.,2021,6.3,22.5,4
Serie,Marvel Studios Assembled,2021,8,13.5,5
Serie,Marvel Studios Legends,2021,6.5,24.5,6
Serie,Marvel Studios: Legends,2021,6.5,25.5,7
Serie,Marvel Studios' Assembled,2021,8.1,10.5,8
Serie,Marvel Studios' Assembles,2021,8,14.5,9
Serie,Marvel Studios' Legends,2021,6.4,23,10
Serie,Marvel's Hit-Monkey,2021,8,15.5,11
Serie,Marvel's What If…?,2021,7.7,15.5,12
Serie,"McCartney 3,2,1",2021,9,3.5,13
Serie,Monsters aan het Werk,2021,7.2,24,14
Serie,Monsters at Work,2021,7.3,30,15
Serie,Pride,2021,5.9,10.5,16
Serie,Professor T: UK,2021,6.9,23.5,17
Serie,Queens,2021,6.2,21.5,18
Serie,Race to the Center of the Earth,2021,6.4,24,19
Serie,Rebel,2021,7,20,20
Serie,Reservation Dogs,2021,8.2,10.5,21
Serie,Secrets of Sulphur Springs,2021,7.7,16.5,22
Serie,Star Wars: The Bad Batch,2021,8.4,10.5,23
Serie,Star Wars: Visions,2021,10,0.5,24
Serie,The Big Leap,2021,7.3,31,25
Serie,The Book of Boba Fett,2021,7.8,15,26
Serie,The Choe Show,2021,8.6,6,27
Serie,The Falcon and The Winter Soldier,2021,8,16.5,28
Serie,The Great North,2021,6.5,26.5,29
Serie,The Might Ducks: Game Changers,2021,7.6,16.5,30
Serie,The Mighty Ducks: Game Changers,2021,7.6,17.5,31
Serie,The Mysterious Benedict Society,2021,7.7,17.5,32
Serie,The Premise,2021,6.2,22.5,33
Serie,The Wonder Years,2021,5.7,14.5,34
Serie,Turner & Hooch,2021,6.1,21.5,35
Serie,What If…?,2021,7.6,18.5,36
Serie,Y: The Last Man,2021,6.6,24,37
Special,Disney Princess remixed: An Ultimate Princess Celebration,2021,5.5,14,38
